id,classe,libelle,x,y,Blue,Green,Red,NIR,SWIR1,SWIR2
1,1,eau,589440.0,4802550.0,0.020329996943473816,0.01106250286102295,9.000301361083984e-05,-0.0019174963235855103,0.0007774978876113892,0.0012174993753433228
2,1,eau,626250.0,4798710.0,0.030615001916885376,0.026270002126693726,0.0014375001192092896,-0.0029624998569488525,0.0038574934005737305,0.004902496933937073
3,1,eau,591270.0,4808370.0,0.02178749442100525,0.014389991760253906,-0.0011200010776519775,-0.0033200085163116455,0.001739993691444397,0.0022075027227401733
4,1,eau,574710.0,4806780.0,0.0251149982213974,0.012850001454353333,0.0016575008630752563,-0.0007899999618530273,-1.9997358322143555e-05,0.00028249621391296387
5,1,eau,585750.0,4825290.0,0.014582499861717224,0.03138500452041626,0.0137300044298172,-0.0017250031232833862,0.0008050054311752319,0.0016575008630752563
6,1,eau,615090.0,4805790.0,0.027260005474090576,0.019064992666244507,0.0008600056171417236,-0.0016974955797195435,0.0034999996423721313,0.0038850009441375732
7,1,eau,566790.0,4808280.0,0.028552502393722534,0.01650749146938324,0.0022075027227401733,-0.00015750527381896973,0.0005574971437454224,0.00047500431537628174
8,1,eau,583050.0,4802610.0,0.02437250316143036,0.01340000331401825,0.0014099925756454468,-0.0012574940919876099,0.00011749565601348877,0.00047500431537628174
9,1,eau,645150.0,4791180.0,0.010622501373291016,0.015709996223449707,0.00033749639987945557,0.00044749677181243896,0.01282249391078949,0.013427495956420898
10,1,eau,618660.0,4797480.0,0.0200825035572052,0.014637500047683716,-0.0022200047969818115,-0.003265008330345154,0.004600003361701965,0.005315005779266357
11,1,eau,649440.0,4792200.0,0.01689249277114868,0.01815749704837799,0.002674996852874756,0.00014500319957733154,0.006937503814697266,0.00745999813079834
12,1,eau,592020.0,4802610.0,0.02209000289440155,0.01249249279499054,0.001739993691444397,-0.0004875063896179199,0.0025925040245056152,0.0025925040245056152
13,2,vegetation,599340.0,4818330.0,0.048902496695518494,0.07282750308513641,0.07400999963283539,0.26576751470565796,0.21714751422405243,0.1274149864912033
14,2,vegetation,564960.0,4821990.0,0.05550248920917511,0.08424000442028046,0.09653250873088837,0.2666199803352356,0.25581252574920654,0.1492225080728531
15,2,vegetation,632160.0,4812840.0,0.06603498756885529,0.09039999544620514,0.09878750145435333,0.20815499126911163,0.21827499568462372,0.15574000775814056
16,2,vegetation,568380.0,4825290.0,0.07623748481273651,0.10445250570774078,0.14259500801563263,0.2710474729537964,0.41721004247665405,0.26821500062942505
17,2,vegetation,647400.0,4809540.0,0.06598000228404999,0.08896999061107635,0.09100501239299774,0.25292497873306274,0.2127474993467331,0.13294251263141632
18,2,vegetation,647460.0,4805880.0,0.08000500500202179,0.10162000358104706,0.11396749317646027,0.24890999495983124,0.24599500000476837,0.17504499852657318
19,2,vegetation,593730.0,4822470.0,0.07307501137256622,0.10711999237537384,0.13362999260425568,0.26912248134613037,0.30836498737335205,0.20697249472141266
20,2,vegetation,612270.0,4815120.0,0.06045250594615936,0.0876225084066391,0.08822749555110931,0.28229498863220215,0.20284749567508698,0.13093499839305878
21,2,vegetation,650160.0,4803210.0,0.0324849933385849,0.05165250599384308,0.05176250636577606,0.1926725059747696,0.1347299963235855,0.07810749113559723
22,2,vegetation,565260.0,4816800.0,0.06840001046657562,0.09705500304698944,0.09787999093532562,0.2553175091743469,0.1992175132036209,0.11823000013828278
23,2,vegetation,592680.0,4817310.0,0.044200003147125244,0.06328500807285309,0.053577497601509094,0.217477485537529,0.12361998856067657,0.07114998996257782
24,2,vegetation,579300.0,4826820.0,0.039607495069503784,0.0709025114774704,0.05525501072406769,0.37502503395080566,0.1923149973154068,0.09138999879360199
25,3,sol_nu,629100.0,4807320.0,0.12276749312877655,0.15925998985767365,0.17776750028133392,0.20270998775959015,0.26365000009536743,0.24800251424312592
26,3,sol_nu,625320.0,4811820.0,0.12194250524044037,0.15747250616550446,0.1752374917268753,0.19954751431941986,0.263979971408844,0.2481125146150589
27,3,sol_nu,628680.0,4808490.0,0.11564500629901886,0.1501299887895584,0.1668499857187271,0.18736501038074493,0.23675499856472015,0.21159251034259796
28,3,sol_nu,655260.0,4804860.0,0.0993099957704544,0.13505999743938446,0.15681250393390656,0.1856050044298172,0.23485751450061798,0.20367251336574554
29,3,sol_nu,590880.0,4816710.0,0.10813750326633453,0.14924998581409454,0.17298249900341034,0.20210500061511993,0.26832497119903564,0.25067001581192017
30,3,sol_nu,622320.0,4812690.0,0.10131751000881195,0.14229251444339752,0.16082750260829926,0.18368001282215118,0.24269498884677887,0.2266625016927719
31,3,sol_nu,650790.0,4799700.0,0.10560749471187592,0.15629000961780548,0.1829100102186203,0.22652499377727509,0.29412001371383667,0.2682974934577942
32,3,sol_nu,638940.0,4806540.0,0.12100748717784882,0.16520000994205475,0.19294749200344086,0.22363750636577606,0.22151999175548553,0.1633024960756302
33,3,sol_nu,626310.0,4804050.0,0.14666499197483063,0.1913525015115738,0.21775250136852264,0.2481674998998642,0.319254994392395,0.306659996509552
34,3,sol_nu,630240.0,4805130.0,0.13913001120090485,0.1725424975156784,0.18750248849391937,0.20691750943660736,0.21986998617649078,0.17306499183177948
35,3,sol_nu,591600.0,4815600.0,0.10808248817920685,0.14828749001026154,0.17246000468730927,0.2032874971628189,0.27492499351501465,0.25394248962402344
36,3,sol_nu,631890.0,4811370.0,0.10852248966693878,0.1427050083875656,0.16104750335216522,0.19209499657154083,0.2351049929857254,0.20380999147891998
37,4,bati,647550.0,4807590.0,0.13588498532772064,0.15656499564647675,0.18238748610019684,0.21052001416683197,0.2465999871492386,0.20265500247478485
38,4,bati,648330.0,4810350.0,0.1666025072336197,0.2174225002527237,0.25168752670288086,0.2802324891090393,0.31416749954223633,0.2692049741744995
39,4,bati,567300.0,4827000.0,0.0846249908208847,0.12623248994350433,0.1447400003671646,0.2974749803543091,0.2939550280570984,0.22187750041484833
40,4,bati,649140.0,4807440.0,0.15835250914096832,0.20865000784397125,0.2432449907064438,0.2784450054168701,0.29230499267578125,0.2487724870443344
41,4,bati,566670.0,4829400.0,0.09306751191616058,0.12661750614643097,0.16860999166965485,0.2636774778366089,0.3328400254249573,0.2897474765777588
42,4,bati,575550.0,4825140.0,0.11823000013828278,0.14630751311779022,0.16706998646259308,0.31939250230789185,0.2735224962234497,0.21288500726222992
43,4,bati,648690.0,4808400.0,0.10153751075267792,0.14080749452114105,0.1716349869966507,0.1949550062417984,0.20015250146389008,0.15367750823497772
44,4,bati,575730.0,4826880.0,0.26846247911453247,0.25372248888015747,0.32340753078460693,0.36055999994277954,0.2988225221633911,0.2361774891614914
45,4,bati,645420.0,4806240.0,0.10676251351833344,0.1458124965429306,0.17694251239299774,0.28534752130508423,0.3002524971961975,0.24365751445293427
46,4,bati,573840.0,4824480.0,0.11600248515605927,0.1641549915075302,0.19952000677585602,0.338890016078949,0.3153499960899353,0.2509725093841553
47,4,bati,645810.0,4805760.0,0.08773250877857208,0.12521500885486603,0.1699575036764145,0.27643752098083496,0.3495050072669983,0.3034974932670593
48,4,bati,567270.0,4825050.0,0.13979001343250275,0.18964751064777374,0.17988498508930206,0.35943251848220825,0.26109248399734497,0.187887504696846
49,5,cultures,572700.0,4822770.0,0.11732248961925507,0.16621749103069305,0.2101074904203415,0.30693501234054565,0.41767752170562744,0.3547850251197815
50,5,cultures,564720.0,4813590.0,0.08336000144481659,0.1328599900007248,0.17911501228809357,0.3639425039291382,0.3726600408554077,0.27750998735427856
51,5,cultures,638370.0,4812990.0,0.03361250460147858,0.05484248697757721,0.04208250343799591,0.33077752590179443,0.12246499955654144,0.05775751173496246
52,5,cultures,570090.0,4819260.0,0.08517499268054962,0.12592999637126923,0.1800224930047989,0.3055325150489807,0.4044775366783142,0.2921125292778015
53,5,cultures,639240.0,4809000.0,0.0224200040102005,0.05176250636577606,0.033639997243881226,0.19776000082492828,0.08203999698162079,0.04114750027656555
54,5,cultures,610950.0,4818030.0,0.02572000026702881,0.05495248734951019,0.026572495698928833,0.40588003396987915,0.14760001003742218,0.0632299929857254
55,5,cultures,576690.0,4826820.0,0.10076750814914703,0.14762748777866364,0.21024499833583832,0.34023749828338623,0.4515025019645691,0.32239001989364624
56,5,cultures,609780.0,4816050.0,0.06042499840259552,0.08786998689174652,0.09546001255512238,0.2703325152397156,0.23304249346256256,0.16311000287532806
57,5,cultures,642420.0,4811520.0,0.0234375,0.04697750508785248,0.021320000290870667,0.453510046005249,0.1294500082731247,0.05239500105381012
58,5,cultures,634320.0,4811940.0,0.050222501158714294,0.08613748848438263,0.07219500839710236,0.3642449975013733,0.21024499833583832,0.1140499860048294
59,5,cultures,636930.0,4813140.0,0.022557497024536133,0.04048749804496765,0.020714998245239258,0.33737748861312866,0.11064000427722931,0.045299991965293884
60,5,cultures,579180.0,4826310.0,0.06391750276088715,0.10654251277446747,0.10623998939990997,0.37345749139785767,0.3104825019836426,0.17537499964237213
